phase,sheet,avg_mae,avg_r2,beat_both,dataset_count,seed_counts
V6_reseal_validate,S4,12.544524917081318,0.9768465455460127,10,14,[10]
V6_reseal_validate,S5,47.53880966336544,0.7013583983902174,5,14,[10]
