phase,sheet,avg_mae,avg_r2,beat_both,dataset_count,seed_counts
L6_final,S4,13.55940383603036,0.9721683919793895,9,14,[10]
L6_final,S5,43.863414687452675,0.6944033812472389,4,14,[10]
